,,,,,,,Misc,,,Approx Val,,,Passing,,,,,Rushing,,,Receiving,,,,,,,
Rnd,Pick,Tm,Player,Pos,Age,To,AP1,PB,St,CarAV,DrAV,G,Cmp,Att,Yds,TD,Int,Att,Yds,TD,Rec,Yds,TD,Solo,Int,Sk,College/Univ,
1,1,CLE,Baker Mayfield,QB,23,2020,0,0,3,30,30,46,932,1506,11115,75,43,121,437,4,1,6,0,,,,Oklahoma,College Stats
1,2,NYG,Saquon Barkley,RB,21,2020,0,1,2,23,23,31,0,0,0,0,0,497,2344,17,149,1219,6,,,,Penn St.,College Stats
1,3,NYJ,Sam Darnold,QB,21,2020,0,0,3,15,15,38,729,1219,8097,45,39,114,417,5,0,0,0,,,,USC,College Stats
1,4,CLE,Denzel Ward,CB,21,2020,0,1,3,17,17,37,0,0,0,0,0,0,0,0,0,0,0,117,7,,Ohio St.,College Stats
1,5,DEN,Bradley Chubb,DE,22,2020,0,1,2,18,18,34,0,0,0,0,0,0,0,0,0,0,0,83,,20.5,North Carolina St.,College Stats
1,6,IND,Quenton Nelson,G,22,2020,3,3,3,43,43,48,0,0,0,0,0,1,0,0,0,0,0,,,,Notre Dame,College Stats
1,7,BUF,Josh Allen,QB,22,2020,0,1,3,36,36,44,836,1353,9707,67,31,300,1562,25,1,12,1,,,,Wyoming,College Stats
1,8,CHI,Roquan Smith,ILB,21,2020,0,0,3,30,30,44,0,0,0,0,0,0,0,0,0,0,0,253,4,11,Georgia,College Stats
1,9,SFO,Mike McGlinchey,T,23,2020,0,0,3,19,19,44,0,0,0,0,0,0,0,0,0,0,0,,,,Notre Dame,College Stats
1,10,ARI,Josh Rosen,QB,21,2019,0,0,1,3,2,20,275,502,2845,12,19,26,151,0,0,0,0,,,,UCLA,College Stats
1,11,MIA,Minkah Fitzpatrick,S,21,2020,2,2,2,32,5,48,0,0,0,0,0,0,0,0,0,0,0,155,11,,Alabama,College Stats
1,12,TAM,Vita Vea,DT,23,2020,0,0,1,14,14,34,0,0,0,0,0,0,0,0,1,1,1,46,,7.5,Washington,College Stats
1,13,WAS,Daron Payne,DT,21,2020,0,0,3,20,20,47,0,0,0,0,0,0,0,0,0,0,0,94,1,10,Alabama,College Stats
1,14,NOR,Marcus Davenport,DE,22,2020,0,0,1,9,9,37,0,0,0,0,0,0,0,0,0,0,0,39,,12,Texas-San Antonio,College Stats
1,15,OAK,Kolton Miller,T,22,2020,0,0,3,20,20,46,0,0,0,0,0,0,0,0,0,0,0,,,,UCLA,College Stats
1,16,BUF,Tremaine Edmunds,ILB,20,2020,0,2,3,31,31,46,0,0,0,0,0,0,0,0,0,0,0,223,3,5.5,Virginia Tech,College Stats
1,17,LAC,Derwin James,S,22,2019,1,1,1,14,14,21,0,0,0,0,0,0,0,0,0,0,0,98,3,3.5,Florida St.,College Stats
1,18,GNB,Jaire Alexander,CB,21,2020,0,1,3,21,21,44,0,0,0,0,0,0,0,0,0,0,0,151,4,1.5,Louisville,College Stats
1,19,DAL,Leighton Vander Esch,OLB,22,2020,0,1,3,19,19,35,0,0,0,0,0,0,0,0,0,0,0,177,2,1.5,Boise St.,College Stats
1,20,DET,Frank Ragnow,C,22,2020,0,1,3,22,22,45,0,0,0,0,0,0,0,0,0,0,0,1,,,Arkansas,College Stats
1,21,CIN,Billy Price,C,23,2020,0,0,1,10,10,42,0,0,0,0,0,0,0,0,0,0,0,,,,Ohio St.,College Stats
1,22,TEN,Rashaan Evans,ILB,22,2020,0,0,2,20,20,47,0,0,0,0,0,0,0,0,0,0,0,161,,3,Alabama,College Stats
1,23,NWE,Isaiah Wynn,T,22,2020,0,0,2,8,8,18,0,0,0,0,0,0,0,0,0,0,0,,,,Georgia,College Stats
1,24,CAR,D.J. Moore,WR,21,2020,0,0,3,25,25,46,0,1,0,0,0,21,234,0,208,3156,10,1,,,Maryland,College Stats
1,25,BAL,Hayden Hurst,TE,25,2020,0,0,0,11,6,44,0,0,0,0,0,1,0,0,99,1083,9,,,,South Carolina,College Stats
1,26,ATL,Calvin Ridley,WR,23,2020,0,0,2,24,24,44,0,0,0,0,0,13,62,0,217,3061,26,,,,Alabama,College Stats
1,27,SEA,Rashaad Penny,RB,22,2020,0,0,0,7,7,27,0,0,0,0,0,161,823,5,17,158,1,,,,San Diego St.,College Stats
1,28,PIT,Terrell Edmunds,S,21,2020,0,0,3,16,16,47,0,0,0,0,0,0,0,0,0,0,0,172,3,2,Virginia Tech,College Stats
1,29,JAX,Taven Bryan,DT,22,2020,0,0,2,9,9,48,0,0,0,0,0,0,0,0,0,0,0,41,,3.5,Florida,College Stats
1,30,MIN,Mike Hughes,CB,21,2020,0,0,0,5,5,24,0,0,0,0,0,0,0,0,0,0,0,67,2,,Central Florida,College Stats
1,31,NWE,Sony Michel,RB,23,2020,0,0,2,15,15,38,0,0,0,0,0,535,2292,14,26,258,1,,,,Georgia,College Stats
1,32,BAL,Lamar Jackson,QB,21,2020,1,1,2,49,49,46,606,947,7085,68,18,482,2906,19,0,0,0,,,,Louisville,College Stats
2,33,CLE,Austin Corbett,C,23,2020,0,0,2,12,1,38,0,0,0,0,0,0,0,0,0,0,0,,,,Nevada,College Stats
2,34,NYG,Will Hernandez,G,23,2020,0,0,2,18,18,45,0,0,0,0,0,0,0,0,0,0,0,,,,Texas-El Paso,College Stats
2,35,CLE,Nick Chubb,RB,22,2020,0,2,3,24,24,44,0,0,0,0,0,680,3557,28,72,577,2,2,,,Georgia,College Stats
2,36,IND,Darius Leonard,LB,23,2020,2,2,3,40,40,42,0,0,0,0,0,0,0,0,0,0,0,268,7,15,South Carolina St.,
2,37,IND,Braden Smith,G,22,2020,0,0,3,21,21,45,0,0,0,0,0,0,0,0,0,0,0,,,,Auburn,College Stats
2,38,TAM,Ronald Jones II,RB,21,2020,0,0,2,15,15,39,0,0,0,0,0,387,1746,14,66,507,1,1,,,USC,College Stats
2,39,CHI,James Daniels,C,20,2020,0,0,3,13,13,37,0,0,0,0,0,0,0,0,0,0,0,,,,Iowa,College Stats
2,40,DEN,Courtland Sutton,WR,22,2020,0,1,1,14,14,33,1,1,38,0,0,4,16,0,117,1882,10,1,,,SMU,College Stats
2,41,TEN,Harold Landry,OLB,22,2020,0,0,2,18,18,47,0,0,0,0,0,0,0,0,0,0,0,113,2,19,Boston Col.,College Stats
2,42,MIA,Mike Gesicki,TE,22,2020,0,0,1,12,12,47,0,0,0,0,0,0,0,0,126,1475,11,,,,Penn St.,College Stats
2,43,DET,Kerryon Johnson,RB,21,2020,0,0,1,10,10,34,0,0,0,0,0,283,1225,8,61,527,3,,,,Auburn,College Stats
2,44,SFO,Dante Pettis,WR,22,2020,0,0,0,6,5,30,1,1,16,0,0,1,-2,0,42,652,8,,,,Washington,College Stats
2,45,GNB,Josh Jackson,CB,22,2020,0,0,0,7,7,42,0,0,0,0,0,0,0,0,0,0,0,71,,,Iowa,College Stats
2,46,KAN,Breeland Speaks,DE,22,2018,0,0,0,3,3,16,0,0,0,0,0,0,0,0,0,0,0,15,,1.5,Mississippi,College Stats
2,47,ARI,Christian Kirk,WR,21,2020,0,0,3,15,15,39,0,0,0,0,0,15,131,0,159,1920,12,,,,Texas A&M,College Stats
2,48,LAC,Uchenna Nwosu,OLB,21,2020,0,0,0,8,8,45,0,0,0,0,0,0,0,0,0,0,0,61,,10,USC,College Stats
2,49,PHI,Dallas Goedert,TE,23,2020,0,0,3,10,10,42,0,0,0,0,0,0,0,0,137,1465,12,4,,,South Dakota St.,
2,50,DAL,Connor Williams,T,21,2020,0,0,3,17,17,40,0,0,0,0,0,0,0,0,0,0,0,,,,Texas,College Stats
2,51,CHI,Anthony Miller,WR,23,2020,0,0,2,12,12,47,1,1,8,0,0,9,37,0,134,1564,11,3,,,Memphis,College Stats
2,52,IND,Kemoko Turay,OLB,23,2020,0,0,0,3,3,25,0,0,0,0,0,0,0,0,0,0,0,16,,6.5,Rutgers,College Stats
2,53,TAM,M.J. Stewart,CB,22,2020,0,0,0,4,3,37,0,0,0,0,0,0,0,0,0,0,0,77,2,1,North Carolina,College Stats
2,54,CIN,Jessie Bates III,S,21,2020,0,0,3,20,20,48,0,0,0,0,0,0,0,0,0,0,0,222,9,,Wake Forest,College Stats
2,55,CAR,Donte Jackson,CB,22,2020,0,0,3,14,14,43,0,0,0,0,0,0,0,0,0,0,0,117,10,1,LSU,College Stats
2,56,NWE,Duke Dawson,CB,22,2020,0,0,0,3,,26,0,0,0,0,0,0,0,0,0,0,0,17,,,Florida,College Stats
2,57,OAK,P.J. Hall,DT,23,2020,0,0,2,12,8,40,0,0,0,0,0,0,0,0,0,0,0,52,,2.5,Sam Houston St.,
2,58,ATL,Isaiah Oliver,CB,21,2020,0,0,2,10,10,46,0,0,0,0,0,0,0,0,0,0,0,121,1,1,Colorado,College Stats
2,59,WAS,Derrius Guice,RB,21,2019,0,0,0,2,2,5,0,0,0,0,0,42,245,2,7,79,1,,,,LSU,College Stats
2,60,PIT,James Washington,WR,22,2020,0,0,2,10,10,45,0,0,0,0,0,0,0,0,90,1344,9,1,,,Oklahoma St.,College Stats
2,61,JAX,DJ Chark,WR,21,2020,0,1,2,13,13,39,0,0,0,0,0,2,20,0,140,1888,13,5,,,LSU,College Stats
2,62,MIN,Brian O'Neill,T,22,2020,0,0,3,20,20,46,0,0,0,0,0,0,0,0,0,0,0,,,,Pittsburgh,College Stats
2,63,TAM,Carlton Davis,CB,21,2020,0,0,3,13,13,41,0,0,0,0,0,0,0,0,0,0,0,142,5,,Auburn,College Stats
2,64,IND,Tyquan Lewis,DE,23,2020,0,0,0,7,7,33,0,0,0,0,0,0,0,0,0,0,0,31,,6,Ohio St.,College Stats
3,65,OAK,Brandon Parker,T,22,2020,0,0,1,9,9,37,0,0,0,0,0,0,0,0,0,0,0,,,,North Carolina A&T,
3,66,NYG,Lorenzo Carter,DE,22,2020,0,0,2,9,9,35,0,0,0,0,0,0,0,0,0,0,0,66,,9.5,Georgia,College Stats
3,67,CLE,Chad Thomas,DE,22,2019,0,0,0,5,5,20,0,0,0,0,0,0,0,0,0,0,0,17,,4,Miami (FL),College Stats
3,68,HOU,Justin Reid,S,21,2020,0,0,3,13,13,44,0,0,0,0,0,0,0,0,0,0,0,189,5,2,Stanford,College Stats
3,69,NYG,B.J. Hill,DT,23,2020,0,0,2,10,10,48,0,0,0,0,0,0,0,0,0,0,0,62,,7.5,North Carolina St.,College Stats
3,70,SFO,Fred Warner,OLB,21,2020,1,1,3,35,35,48,0,0,0,0,0,0,0,0,0,0,0,253,3,4,BYU,College Stats
3,71,DEN,Royce Freeman,RB,22,2020,0,0,0,9,9,46,0,0,0,0,0,297,1187,8,69,409,1,2,,,Oregon,College Stats
3,72,NYJ,Nathan Shepherd,DT,24,2020,0,0,0,8,8,39,0,0,0,0,0,0,0,0,0,0,0,19,,4.5,Fort Hays St.,
3,73,MIA,Jerome Baker,OLB,21,2020,0,0,3,16,16,48,0,0,0,0,0,0,0,0,0,0,0,203,2,11.5,Ohio St.,College Stats
3,74,WAS,Geron Christian,T,21,2020,0,0,0,4,4,24,0,0,0,0,0,0,0,0,0,0,0,,,,Louisville,College Stats
3,75,KAN,Derrick Nnadi,DT,22,2020,0,0,3,18,18,47,0,0,0,0,0,0,0,0,0,0,0,58,1,1,Florida St.,College Stats
3,76,PIT,Mason Rudolph,QB,23,2020,0,0,1,4,4,15,201,326,2089,15,10,28,36,0,0,0,0,,,,Oklahoma St.,College Stats
3,77,CIN,Sam Hubbard,DE,23,2020,0,0,2,15,15,44,0,0,0,0,0,0,0,0,0,0,0,106,,16.5,Ohio St.,College Stats
3,78,CIN,Malik Jefferson,OLB,21,2020,0,0,0,3,1,34,0,0,0,0,0,0,0,0,0,0,0,9,,,Texas,College Stats
3,79,SEA,Rasheem Green,DT,21,2020,0,0,1,6,6,36,0,0,0,0,0,0,0,0,0,0,0,29,,7,USC,College Stats
3,80,HOU,Martinas Rankin,T,23,2020,0,0,0,7,3,23,0,0,0,0,0,0,0,0,0,0,0,,,,Mississippi St.,College Stats
3,81,DAL,Michael Gallup,WR,22,2020,0,0,3,18,18,46,0,0,0,0,0,0,0,0,158,2457,13,,,,Colorado St.,College Stats
3,82,DET,Tracy Walker,S,23,2020,0,0,1,7,7,44,0,0,0,0,0,0,0,0,0,0,0,164,2,1,Louisiana,College Stats
3,83,BAL,Orlando Brown Jr.,T,22,2020,0,2,3,29,29,48,0,0,0,0,0,0,0,0,0,0,0,,,,Oklahoma,College Stats
3,84,LAC,Justin Jones,DT,22,2020,0,0,2,12,12,40,0,0,0,0,0,0,0,0,0,0,0,44,,1.5,North Carolina St.,College Stats
3,85,CAR,Rashaan Gaulden,CB,23,2020,0,0,0,1,1,27,0,0,0,0,0,0,0,0,0,0,0,14,,,Tennessee,College Stats
3,86,BAL,Mark Andrews,TE,23,2020,0,1,0,23,23,45,0,0,0,0,0,0,0,0,156,2105,20,,,,Oklahoma,College Stats
3,87,OAK,Arden Key,DE,22,2020,0,0,1,6,6,37,0,0,0,0,0,0,0,0,0,0,0,34,,3,LSU,College Stats
3,88,GNB,Oren Burks,ILB,23,2020,0,0,0,5,5,42,0,0,0,0,0,0,0,0,0,0,0,39,,,Vanderbilt,College Stats
3,89,LAR,Joseph Noteboom,T,23,2020,0,0,0,9,9,32,0,0,0,0,0,0,0,0,0,0,0,,,,TCU,College Stats
3,90,ATL,Deadrin Senat,DT,24,2020,0,0,0,3,3,22,0,0,0,0,0,0,0,0,0,0,0,17,,,South Florida,College Stats
3,91,NOR,Tre'Quan Smith,WR,22,2020,0,0,3,11,11,40,0,0,0,0,0,1,3,0,80,1109,14,,,,Central Florida,College Stats
3,92,PIT,Chukwuma Okorafor,T,21,2020,0,0,1,9,9,30,0,0,0,0,0,0,0,0,0,0,0,,,,Western Michigan,College Stats
3,93,JAX,Ronnie Harrison,S,21,2020,0,0,2,12,9,39,0,0,0,0,0,0,0,0,0,0,0,92,4,4,Alabama,College Stats
3,94,TAM,Alex Cappa,T,23,2020,0,0,2,18,18,35,0,0,0,0,0,0,0,0,0,0,0,,,,Humboldt St.,
3,95,SFO,Tarvarius Moore,S,22,2020,0,0,1,7,7,48,0,0,0,0,0,0,0,0,0,0,0,73,,,Southern Miss,College Stats
3,96,BUF,Harrison Phillips,DT,22,2020,0,0,0,4,4,31,0,0,0,0,0,0,0,0,0,0,0,32,,0.5,Stanford,College Stats
3,97,ARI,Mason Cole,C,22,2020,0,0,2,13,13,46,0,0,0,0,0,0,0,0,0,0,0,,,,Michigan,College Stats
3,98,HOU,Jordan Akins,TE,26,2020,0,0,1,9,9,45,0,0,0,0,0,1,4,0,90,1046,3,,,,Central Florida,College Stats
3,99,DEN,Isaac Yiadom,CB,22,2020,0,0,2,9,5,45,0,0,0,0,0,0,0,0,0,0,0,78,1,0.5,Boston Col.,College Stats
3,100,KAN,Dorian O'Daniel,OLB,24,2020,0,0,0,4,4,41,0,0,0,0,0,0,0,0,0,0,0,33,,1,Clemson,College Stats
4,101,CAR,Ian Thomas,TE,22,2020,0,0,0,5,5,48,0,0,0,0,0,0,0,0,72,614,4,1,,,Indiana,College Stats
4,102,MIN,Jalyn Holmes,DE,22,2020,0,0,0,5,5,25,0,0,0,0,0,0,0,0,0,0,0,21,,1,Ohio St.,College Stats
4,103,HOU,Keke Coutee,WR,21,2020,0,0,0,7,7,23,0,0,0,0,0,5,14,1,83,941,4,,,,Texas Tech,College Stats
4,104,IND,Nyheim Hines,RB,21,2020,0,0,0,17,17,48,0,0,0,0,0,226,893,7,170,1227,6,1,,,North Carolina St.,College Stats
4,105,CLE,Antonio Callaway,WR,21,2020,0,0,1,5,5,25,0,0,0,0,0,2,7,0,53,695,5,,,,Florida,College Stats
4,106,DEN,Josey Jewell,ILB,23,2020,0,0,2,15,15,47,0,0,0,0,0,0,0,0,0,0,0,126,,3.5,Iowa,College Stats
4,107,NYJ,Chris Herndon,TE,22,2020,0,0,2,6,6,33,0,0,0,0,0,0,0,0,71,796,7,,,,Miami (FL),College Stats
4,108,NYG,Kyle Lauletta,QB,23,2018,0,0,0,0,0,2,0,5,0,0,1,1,-2,0,0,0,0,,,,Richmond,
4,109,WAS,Troy Apke,S,23,2020,0,0,1,5,5,33,0,0,0,0,0,0,0,0,0,0,0,44,1,,Penn St.,College Stats
4,110,OAK,Nick Nelson,CB,21,2019,0,0,0,1,1,12,0,0,0,0,0,0,0,0,0,0,0,10,,,Wisconsin,College Stats
4,111,LAR,Brian Allen,C,22,2019,0,0,1,6,6,22,0,0,0,0,0,0,0,0,0,0,0,,,,Michigan St.,College Stats
4,112,CIN,Mark Walton,RB,21,2019,0,0,0,3,1,21,0,0,0,0,0,67,235,0,20,130,0,4,,,Miami (FL),College Stats
4,113,DEN,DaeSean Hamilton,WR,23,2020,0,0,0,6,6,46,0,0,0,0,0,0,0,0,81,833,5,,,,Penn St.,College Stats
4,114,DET,Da'Shawn Hand,DE,22,2020,0,0,1,7,7,26,0,0,0,0,0,0,0,0,0,0,0,38,,3,Alabama,College Stats
4,115,CHI,Joel Iyiegbuniwe,LB,22,2020,0,0,0,3,3,47,0,0,0,0,0,0,0,0,0,0,0,21,,,Western Kentucky,College Stats
4,116,DAL,Dorance Armstrong Jr.,DE,21,2020,0,0,0,6,6,46,0,0,0,0,0,0,0,0,0,0,0,41,,2.5,Kansas,College Stats
4,117,TAM,Jordan Whitehead,S,21,2020,0,0,3,14,14,45,0,0,0,0,0,0,0,0,0,0,0,164,3,2,Pittsburgh,College Stats
4,118,BAL,Anthony Averett,CB,23,2020,0,0,0,4,4,30,0,0,0,0,0,0,0,0,0,0,0,41,,,Alabama,College Stats
4,119,LAC,Kyzir White,S,22,2020,0,0,1,12,12,30,0,0,0,0,0,0,0,0,0,0,0,87,2,0.5,West Virginia,College Stats
4,120,SEA,Will Dissly,TE,22,2020,0,0,1,5,5,26,0,0,0,0,0,1,7,0,55,669,8,1,,,Washington,College Stats
4,121,BUF,Taron Johnson,CB,22,2020,0,0,2,17,17,39,0,0,0,0,0,0,0,0,0,0,0,143,2,3,Weber St.,
4,122,BAL,Kenny Young,LB,23,2020,0,0,1,11,6,46,0,0,0,0,0,0,0,0,0,0,0,86,1,3.5,UCLA,College Stats
4,123,MIA,Durham Smythe,TE,23,2020,0,0,2,2,2,46,0,0,0,0,0,0,0,0,39,323,2,6,,,Notre Dame,College Stats
4,124,KAN,Armani Watts,S,22,2020,0,0,0,2,2,37,0,0,0,0,0,0,0,0,0,0,0,31,,2,Texas A&M,College Stats
4,125,PHI,Avonte Maddox,CB,22,2020,0,0,1,9,9,35,0,0,0,0,0,0,0,0,0,0,0,102,2,1.5,Pittsburgh,College Stats
4,126,ATL,Ito Smith,RB,22,2020,0,0,0,6,6,35,0,0,0,0,0,175,689,6,55,314,0,,,,Southern Miss,College Stats
4,127,NOR,Rick Leonard,T,21,,0,0,0,,,,,,,,,,,,,,,,,,Florida St.,College Stats
4,128,SFO,Kentavius Street,DT,22,2020,0,0,0,2,2,18,0,0,0,0,0,0,0,0,0,0,0,9,,,North Carolina St.,College Stats
4,129,JAX,Will Richardson,T,22,2020,0,0,0,3,3,31,0,0,0,0,0,0,0,0,0,0,0,,,,North Carolina St.,College Stats
4,130,PHI,Josh Sweat,DE,21,2020,0,0,0,6,6,39,0,0,0,0,0,0,0,0,0,0,0,41,,10,Florida St.,College Stats
4,131,MIA,Kalen Ballage,RB,22,2020,0,0,1,5,3,35,0,0,0,0,0,201,629,7,52,285,0,3,,,Arizona St.,College Stats
4,132,BAL,Jaleel Scott,WR,23,2020,0,0,0,0,0,4,0,0,0,0,0,0,0,0,2,22,0,,,,New Mexico St.,College Stats
4,133,GNB,J'Mon Moore,WR,23,2018,0,0,0,0,0,12,0,0,0,0,0,0,0,0,2,15,0,2,,,Missouri,College Stats
4,134,ARI,Chase Edmonds,RB,22,2020,0,0,0,11,11,45,0,0,0,0,0,217,959,7,85,610,5,11,,,Fordham,
4,135,LAR,John Franklin-Myers,DE,21,2020,0,0,0,5,2,31,0,0,0,0,0,0,0,0,0,0,0,14,,5,S.F. Austin,
4,136,CAR,Marquis Haynes,OLB,24,2020,0,0,0,3,3,30,0,0,0,0,0,0,0,0,0,0,0,21,,5,Mississippi,College Stats
4,137,DAL,Dalton Schultz,TE,22,2020,0,0,1,6,6,43,0,0,0,0,0,0,0,0,76,737,4,1,,,Stanford,College Stats
5,138,GNB,Cole Madison,G,23,,0,0,0,,,,,,,,,,,,,,,,,,Washington St.,College Stats
5,139,NYG,R.J. McIntosh,DT,22,2019,0,0,0,1,1,18,0,0,0,0,0,0,0,0,0,0,0,10,,2,Miami (FL),College Stats
5,140,OAK,Maurice Hurst Jr.,DT,23,2020,0,0,1,9,9,40,0,0,0,0,0,0,0,0,0,0,0,51,1,8,Michigan,College Stats
5,141,SEA,Shaquem Griffin,OLB,23,2020,0,0,0,4,4,46,0,0,0,0,0,0,0,0,0,0,0,17,,1,Central Florida,College Stats
5,142,SFO,D.J. Reed,CB,21,2020,0,0,1,6,2,41,0,0,0,0,0,0,0,0,0,0,0,87,2,1,Kansas St.,College Stats
5,143,NWE,Ja'Whaun Bentley,ILB,22,2020,0,0,1,12,12,32,0,0,0,0,0,0,0,0,0,0,0,88,1,1.5,Purdue,College Stats
5,144,TAM,Justin Watson,WR,22,2020,0,0,0,2,2,39,0,0,0,0,0,0,0,0,23,258,2,15,,1,Pennsylvania,
5,145,CHI,Bilal Nichols,DT,21,2020,0,0,2,18,18,43,0,0,0,0,0,0,0,0,0,0,0,51,1,8,Delaware,
5,146,SEA,Tre Flowers,S,23,2020,0,0,2,13,13,42,0,0,0,0,0,0,0,0,0,0,0,157,3,2,Oklahoma St.,College Stats
5,147,LAR,Micah Kiser,ILB,23,2020,0,0,0,6,6,25,0,0,0,0,0,0,0,0,0,0,0,46,,,Virginia,College Stats
5,148,PIT,Marcus Allen,S,22,2020,0,0,0,4,4,17,0,0,0,0,0,0,0,0,0,0,0,20,,,Penn St.,College Stats
5,149,SEA,Michael Dickson,P,22,2020,1,1,0,8,8,48,0,0,0,0,0,1,9,0,0,0,0,1,,,Texas,College Stats
5,150,CLE,Genard Avery,LB,23,2020,0,0,1,6,4,37,0,0,0,0,0,0,0,0,0,0,0,39,,6.5,Memphis,College Stats
5,151,CIN,Davontae Harris,CB,23,2020,0,0,0,5,0,30,0,0,0,0,0,0,0,0,0,0,0,44,,,Illinois St.,
5,152,TEN,Dane Cruikshank,CB,23,2020,0,0,0,2,2,30,0,0,0,0,0,0,0,0,1,66,1,16,1,,Arizona,College Stats
5,153,DET,Tyrell Crosby,T,23,2020,0,0,1,10,10,38,0,0,0,0,0,0,0,0,0,0,0,,,,Oregon,College Stats
5,154,BUF,Siran Neal,CB,24,2020,0,0,0,3,3,47,0,0,0,0,0,0,0,0,1,13,0,47,,1,Jacksonville St.,
5,155,LAC,Scott Quessenberry,C,23,2020,0,0,1,7,7,47,0,0,0,0,0,0,0,0,0,0,0,,,,UCLA,College Stats
5,156,DEN,Troy Fumagalli,TE,23,2020,0,0,0,1,1,19,0,0,0,0,0,0,0,0,14,118,2,1,,,Wisconsin,College Stats
5,157,MIN,Tyler Conklin,TE,23,2020,0,0,0,4,4,47,0,0,0,0,0,0,0,0,32,329,1,3,,,Central Michigan,College Stats
5,158,CIN,Andrew Brown,DE,22,2020,0,0,0,2,2,21,0,0,0,0,0,0,0,0,0,0,0,11,,1,Virginia,College Stats
5,159,IND,Daurice Fountain,WR,22,2020,0,0,0,0,0,6,0,0,0,0,0,0,0,0,2,23,0,,,,Northern Iowa,
5,160,LAR,Ogbonnia Okoronkwo,DE,23,2020,0,0,0,2,2,20,0,0,0,0,0,0,0,0,0,0,0,11,,2.5,Oklahoma,College Stats
5,161,CAR,Jermaine Carter Jr.,LB,23,2020,0,0,1,8,8,48,0,0,0,0,0,0,0,0,0,0,0,50,,0.5,Maryland,College Stats
5,162,BAL,Jordan Lasley,WR,21,,0,0,0,,,,,,,,,,,,,,,,,,UCLA,College Stats
5,163,WAS,Tim Settle,DT,21,2020,0,0,0,6,6,47,0,0,0,0,0,0,0,0,0,0,0,27,,7,Virginia Tech,College Stats
5,164,NOR,Natrell Jamerson,S,22,2020,0,0,0,1,,21,0,0,0,0,0,0,0,0,0,0,0,11,,,Wisconsin,College Stats
5,165,PIT,Jaylen Samuels,TE,22,2020,0,0,0,7,7,42,4,5,35,0,1,131,459,1,82,550,4,1,,,North Carolina St.,College Stats
5,166,BUF,Wyatt Teller,G,23,2020,0,0,2,15,2,34,0,0,0,0,0,0,0,0,1,-5,0,,,,Virginia Tech,College Stats
5,167,MIN,Daniel Carlson,K,23,2020,0,0,0,8,-1,44,0,0,0,0,0,0,0,0,0,0,0,2,,,Auburn,College Stats
5,168,SEA,Jamarco Jones,T,22,2020,0,0,0,5,5,26,0,0,0,0,0,0,0,0,0,0,0,,,,Ohio St.,College Stats
5,169,IND,Jordan Wilkins,RB,24,2020,0,0,0,8,8,45,0,0,0,0,0,195,951,4,35,233,0,3,,,Mississippi,College Stats
5,170,CIN,Darius Phillips,CB,23,2020,0,0,1,6,6,35,0,0,0,0,0,0,0,0,0,0,0,53,5,,Western Michigan,College Stats
5,171,DAL,Mike White,QB,23,,0,0,0,,,,,,,,,,,,,,,,,,Western Kentucky,College Stats
5,172,GNB,JK Scott,P,22,2020,0,0,0,6,6,48,0,1,0,0,0,0,0,0,0,0,0,2,,,Alabama,College Stats
5,173,OAK,Johnny Townsend,P,23,2020,0,0,0,2,2,17,0,0,0,0,0,1,42,0,0,0,0,,,,Florida,College Stats
5,174,GNB,Marquez Valdes-Scantling,WR,23,2020,0,0,3,14,14,48,0,0,0,0,0,8,51,0,97,1723,10,2,,,South Florida,College Stats
6,175,CLE,Damion Ratley,WR,23,2020,0,0,0,3,3,31,0,0,0,0,0,0,0,0,29,407,1,1,,,Texas A&M,College Stats
6,176,LAR,John Kelly,RB,21,2019,0,0,0,1,1,8,0,0,0,0,0,30,83,0,2,27,0,,,,Tennessee,College Stats
6,177,HOU,Duke Ejiofor,DE,23,2018,0,0,0,1,1,12,0,0,0,0,0,0,0,0,0,0,0,6,,1,Wake Forest,College Stats
6,178,NWE,Christian Sam,ILB,22,,0,0,0,,,,,,,,,,,,,,,,,,Arizona St.,College Stats
6,179,NYJ,Parry Nickerson,CB,23,2020,0,0,0,2,1,21,0,0,0,0,0,0,0,0,0,0,0,22,,,Tulane,College Stats
6,180,NYJ,Folorunso Fatukasi,DT,23,2020,0,0,1,7,7,30,0,0,0,0,0,0,0,0,0,0,0,36,,3,Connecticut,College Stats
6,181,CHI,Kylie Fitts,DE,23,2020,0,0,0,1,0,22,0,0,0,0,0,0,0,0,0,0,0,7,,,Utah,College Stats
6,182,ARI,Christian Campbell,CB,22,,0,0,0,,,,,,,,,,,,,,,,,,Penn St.,College Stats
6,183,DEN,Sam Jones,G,22,2018,0,0,0,0,0,5,0,0,0,0,0,0,0,0,0,0,0,,,,Arizona St.,College Stats
6,184,SFO,Marcell Harris,S,24,2020,0,0,0,7,7,37,0,0,0,0,0,0,0,0,0,0,0,74,,,Florida,College Stats
6,185,IND,Deon Cain,WR,22,2020,0,0,0,1,0,15,0,0,0,0,0,0,0,0,9,124,0,,,,Clemson,College Stats
6,186,SEA,Jacob Martin,LB,22,2020,0,0,0,5,2,44,0,0,0,0,0,0,0,0,0,0,0,27,,9.5,Temple,College Stats
6,187,BUF,Ray-Ray McCloud,WR,21,2020,0,0,0,1,0,32,0,0,0,0,0,6,69,0,25,113,0,1,,,Clemson,College Stats
6,188,CLE,Simeon Thomas,CB,24,2019,0,0,0,1,,12,0,0,0,0,0,0,0,0,0,0,0,5,,,Louisiana,College Stats
6,189,NOR,Kamrin Moore,CB,21,2018,0,0,0,0,,2,0,0,0,0,0,0,0,0,0,0,0,,,,Boston Col.,College Stats
6,190,BAL,DeShon Elliott,S,21,2020,0,0,1,6,6,22,0,0,0,0,0,0,0,0,0,0,0,57,,2.5,Texas,College Stats
6,191,LAC,Dylan Cantrell,WR,24,,0,0,0,,,,,,,,,,,,,,,,,,Texas Tech,College Stats
6,192,LAR,Jamil Demby,T,22,2019,0,0,0,1,1,6,0,0,0,0,0,0,0,0,0,0,0,,,,Maine,
6,193,DAL,Chris Covington,LB,22,2019,0,0,0,0,0,8,0,0,0,0,0,0,0,0,0,0,0,3,,,Indiana,College Stats
6,194,ATL,Russell Gage,WR,22,2020,0,0,0,12,12,47,1,2,39,1,0,6,21,0,127,1295,5,8,,,LSU,College Stats
6,195,LAR,Sebastian Joseph,DT,23,2020,0,0,1,15,15,32,0,0,0,0,0,0,0,0,0,0,0,60,,3,Rutgers,College Stats
6,196,KAN,Tremon Smith,WR,22,2020,0,0,0,2,2,32,0,0,0,0,0,0,0,0,0,0,0,8,,,Central Arkansas,
6,197,WAS,Shaun Dion Hamilton,LB,22,2020,0,0,0,7,7,46,0,0,0,0,0,0,0,0,0,0,0,70,1,2.5,Alabama,College Stats
6,198,KAN,Kahlil McKenzie,DT,21,2020,0,0,0,1,,7,0,0,0,0,0,0,0,0,0,0,0,4,,,Tennessee,College Stats
6,199,TEN,Luke Falk,QB,23,2019,0,0,0,1,,3,47,73,416,0,3,0,0,0,0,0,0,,,,Washington St.,College Stats
6,200,ATL,Foyesade Oluokun,S,23,2020,0,0,1,13,13,47,0,0,0,0,0,0,0,0,0,0,0,170,2,3,Yale,
6,201,NOR,Boston Scott,RB,23,2020,0,0,0,6,,29,0,0,0,0,0,141,619,6,49,416,1,,,,Louisiana Tech,College Stats
6,202,TAM,Jack Cichy,ILB,23,2020,0,0,0,0,0,16,0,0,0,0,0,0,0,0,0,0,0,4,,,Wisconsin,College Stats
6,203,JAX,Tanner Lee,QB,23,,0,0,0,,,,,,,,,,,,,,,,,,Nebraska,College Stats
6,204,NYJ,Trenton Cannon,RB,24,2020,0,0,0,2,2,34,0,0,0,0,0,48,146,1,20,160,0,14,,,Virginia St.,
6,205,LAR,Trevon Young,DE,23,2018,0,0,0,0,0,2,0,0,0,0,0,0,0,0,0,0,0,,,,Louisville,College Stats
6,206,PHI,Matt Pryor,T,23,2020,0,0,0,5,5,27,0,0,0,0,0,0,0,0,0,0,0,,,,TCU,College Stats
6,207,GNB,Equanimeous St. Brown,WR,21,2020,0,0,1,3,3,24,0,0,0,0,0,2,12,0,28,445,1,1,,,Notre Dame,College Stats
6,208,DAL,Cedrick Wilson Jr.,WR,22,2020,0,0,0,1,1,22,2,2,23,1,0,3,-12,0,22,235,2,1,,,Boise St.,College Stats
6,209,MIA,Cornell Armstrong,CB,22,2020,0,0,0,2,1,30,0,0,0,0,0,0,0,0,0,0,0,11,,,Southern Miss,College Stats
6,210,NWE,Braxton Berrios,WR,22,2020,0,0,0,4,,32,0,0,0,0,0,3,29,0,43,509,3,1,,,Miami (FL),College Stats
6,211,HOU,Jordan Thomas,TE,22,2020,0,0,1,2,2,27,0,0,0,0,0,0,0,0,22,226,5,,,,Mississippi St.,College Stats
6,212,BAL,Greg Senat,T,23,2020,0,0,0,1,,10,0,0,0,0,0,0,0,0,0,0,0,,,,Wagner,
6,213,MIN,Colby Gossett,G,23,2018,0,0,0,1,,5,0,0,0,0,0,0,0,0,0,0,0,,,,Appalachian St.,College Stats
6,214,HOU,Peter Kalambayi,LB,23,2020,0,0,0,3,3,41,0,0,0,0,0,0,0,0,0,0,0,17,,,Stanford,College Stats
6,215,BAL,Bradley Bozeman,C,23,2020,0,0,2,20,20,46,0,0,0,0,0,0,0,0,0,0,0,,,,Alabama,College Stats
6,216,OAK,Azeem Victor,LB,22,,0,0,0,,,,,,,,,,,,,,,,,,Washington,College Stats
6,217,DEN,Keishawn Bierria,ILB,23,2019,0,0,0,1,1,21,0,0,0,0,0,0,0,0,0,0,0,3,,,Washington,College Stats
6,218,MIN,Ade Aruna,DE,24,,0,0,0,,,,,,,,,,,,,,,,,,Tulane,College Stats
7,219,NWE,Danny Etling,QB,24,,0,0,0,,,,,,,,,,,,,,,,,,LSU,College Stats
7,220,SEA,Alex McGough,QB,22,,0,0,0,,,,,,,,,,,,,,,,,,Florida International,College Stats
7,221,IND,Matthew Adams,LB,22,2020,0,0,1,9,9,41,0,0,0,0,0,0,0,0,0,0,0,32,,,Houston,College Stats
7,222,HOU,Jermaine Kelly,CB,23,,0,0,0,,,,,,,,,,,,,,,,,,San Jose St.,College Stats
7,223,SFO,Jullian Taylor,DT,23,2019,0,0,0,1,1,12,0,0,0,0,0,0,0,0,0,0,0,11,,,Temple,College Stats
7,224,CHI,Javon Wims,WR,23,2020,0,0,0,1,1,33,0,0,0,0,0,1,2,0,28,266,2,,,,Georgia,College Stats
7,225,MIN,Devante Downs,LB,22,2020,0,0,0,6,1,36,0,0,0,0,0,0,0,0,0,0,0,27,,,California,College Stats
7,226,DEN,David Williams,RB,24,,0,0,0,,,,,,,,,,,,,,,,,,Arkansas,College Stats
7,227,MIA,Quentin Poling,LB,24,2019,0,0,0,0,,1,0,0,0,0,0,0,0,0,0,0,0,,,,Ohio,College Stats
7,228,OAK,Marcell Ateman,WR,23,2019,0,0,0,2,2,18,0,0,0,0,0,0,0,0,20,270,1,,,,Oklahoma St.,College Stats
7,229,MIA,Jason Sanders,K,22,2020,1,0,0,12,12,48,0,0,0,0,0,0,0,0,1,1,1,1,,,New Mexico,College Stats
7,230,JAX,Leon Jacobs,OLB,22,2020,0,0,1,9,9,29,0,0,0,0,0,0,0,0,0,0,0,50,,2,Wisconsin,College Stats
7,231,LAR,Travin Howard,OLB,22,2019,0,0,0,1,1,16,0,0,0,0,0,0,0,0,0,0,0,19,,,TCU,College Stats
7,232,GNB,James Looney,DE,23,2018,0,0,0,0,0,3,0,0,0,0,0,0,0,0,0,0,0,,,,California,College Stats
7,233,PHI,Jordan Mailata,T,21,2020,0,0,1,4,4,15,0,0,0,0,0,0,0,0,0,0,0,,,,,
7,234,CAR,Andre Smith,ILB,21,2020,0,0,0,2,1,31,0,0,0,0,0,0,0,0,0,0,0,14,,,North Carolina,College Stats
7,235,IND,Zaire Franklin,LB,22,2020,0,0,0,5,5,48,0,0,0,0,0,0,0,0,0,0,0,32,,,Syracuse,College Stats
7,236,DAL,Bo Scarbrough,RB,23,2020,0,0,0,2,,7,0,0,0,0,0,95,408,1,1,5,0,,,,Alabama,College Stats
7,237,DET,Nick Bawden,RB,22,2019,0,0,0,0,0,10,0,0,0,0,0,0,0,0,4,17,0,1,,,San Diego St.,College Stats
7,238,BAL,Zach Sieler,DE,23,2020,0,0,0,6,0,25,0,0,0,0,0,0,0,0,0,0,0,36,,4.5,Ferris St.,
7,239,GNB,Hunter Bradley,LS,24,2020,0,0,0,3,3,48,0,0,0,0,0,0,0,0,0,0,0,1,,,Mississippi St.,College Stats
7,240,SFO,Richie James,WR,23,2020,0,0,1,7,7,40,0,0,0,0,0,2,-1,0,38,689,3,1,,,Middle Tenn. St.,College Stats
7,241,WAS,Greg Stroman,CB,22,2020,0,0,0,5,5,20,0,0,0,0,0,0,0,0,0,0,0,31,1,,Virginia Tech,College Stats
7,242,CAR,Kendrick Norton,DT,21,,0,0,0,,,,,,,,,,,,,,,,,,Miami (FL),College Stats
7,243,NWE,Keion Crossen,CB,22,2020,0,0,0,4,1,43,0,0,0,0,0,0,0,0,0,0,0,57,,,Western Carolina,
7,244,LAR,Justin Lawler,DE,23,2018,0,0,0,1,1,16,0,0,0,0,0,0,0,0,0,0,0,4,,,SMU,College Stats
7,245,NOR,Will Clapp,C,22,2020,0,0,0,5,5,25,0,0,0,0,0,0,0,0,0,0,0,,,,LSU,College Stats
7,246,PIT,Joshua Frazier,DT,22,,0,0,0,,,,,,,,,,,,,,,,,,Alabama,College Stats
7,247,JAX,Logan Cooke,P,23,2020,0,0,0,7,7,46,3,3,20,0,0,0,0,0,0,0,0,1,,,Mississippi St.,College Stats
7,248,GNB,Kendall Donnerson,OLB,22,,0,0,0,,,,,,,,,,,,,,,,,,SE Missouri St.,
7,249,CIN,Logan Woodside,QB,23,2020,0,0,0,0,,6,1,3,7,0,0,7,10,0,0,0,0,,,,Toledo,College Stats
7,250,NWE,Ryan Izzo,TE,22,2020,0,0,1,3,3,18,0,0,0,0,0,0,0,0,19,313,1,,,,Florida St.,College Stats
7,251,LAC,Justin Jackson,RB,22,2020,0,0,0,7,7,29,0,0,0,0,0,138,676,2,43,330,0,1,,,Northwestern,College Stats
7,252,CIN,Rod Taylor,G,23,,0,0,0,,,,,,,,,,,,,,,,,,Mississippi,College Stats
7,253,CIN,Auden Tate,WR,21,2020,0,0,1,5,5,28,0,0,0,0,0,0,0,0,58,760,1,,,,Florida St.,College Stats
7,254,ARI,Korey Cunningham,T,23,2020,0,0,0,3,2,18,0,0,0,0,0,0,0,0,0,0,0,,,,Cincinnati,College Stats
7,255,BUF,Austin Proehl,WR,22,,0,0,0,,,,,,,,,,,,,,,,,,North Carolina,College Stats
7,256,WAS,Trey Quinn,WR,22,2020,0,0,0,2,2,16,0,0,0,0,0,1,0,0,35,273,2,,,,SMU,College Stats
